,Unnamed: 0,ligand_name,sequence_id,label
98,98,28,109,1
99,99,28,110,1
100,100,28,111,1
101,101,28,112,1
102,102,28,113,1
103,103,28,114,1
104,104,28,115,1
479,479,121,526,1
480,480,121,527,1
481,481,121,529,1
482,482,121,530,1
483,483,121,531,1
484,484,121,532,1
485,485,121,534,1
486,486,121,535,1
487,487,121,536,1
488,488,121,537,1
489,489,121,538,1
490,490,121,539,1
491,491,121,540,1
492,492,121,541,1
493,493,121,542,1
494,494,22,543,1
495,495,22,544,1
496,496,22,545,1
497,497,22,546,1
498,498,22,547,1
499,499,76,548,1
500,500,22,549,1
501,501,22,550,1
502,502,22,551,1
505,505,22,555,1
509,509,76,559,1
510,510,76,560,1
516,516,22,566,1
519,519,22,569,1
528,528,22,578,1
530,530,22,556,1
531,531,76,580,1
534,534,76,583,1
536,536,22,585,1
538,538,22,587,1
542,542,22,591,1
543,543,22,592,1
556,556,22,608,1
560,560,22,611,1
561,561,22,612,1
568,568,76,619,1
570,570,22,621,1
571,571,76,622,1
572,572,76,623,1
577,577,22,628,1
578,578,22,629,1
579,579,22,630,1
580,580,76,631,1
589,589,76,642,1
593,593,76,646,1
599,599,22,652,1
604,604,22,656,1
606,606,22,649,1
608,608,22,659,1
611,611,22,662,1
612,612,22,663,1
618,618,22,669,1
619,619,22,670,1
624,624,22,677,1
626,626,22,679,1
639,639,76,696,1
641,641,22,698,1
654,654,22,712,1
655,655,76,713,1
656,656,22,714,1
657,657,22,715,1
658,658,22,716,1
659,659,76,717,1
661,661,22,719,1
663,663,76,722,1
665,665,22,690,1
669,669,22,727,1
674,674,76,732,1
677,677,22,735,1
685,685,22,744,1
686,686,22,600,1
687,687,22,745,1
695,695,22,753,1
696,696,76,754,1
697,697,76,755,1
700,700,22,759,1
707,707,22,707,1
708,708,22,764,1
710,710,22,766,1
717,717,22,770,1
720,720,76,773,1
721,721,22,774,1
735,735,76,787,1
742,742,76,794,1
746,746,22,799,1
757,757,22,811,1
760,760,22,815,1
762,762,22,817,1
763,763,76,818,1
764,764,22,819,1
765,765,22,820,1
766,766,76,821,1
767,767,22,823,1
770,770,76,826,1
771,771,22,828,1
774,774,22,832,1
775,775,22,833,1
777,777,22,836,1
779,779,76,838,1
785,785,22,718,1
786,786,22,844,1
787,787,76,845,1
790,790,76,848,1
791,791,76,849,1
798,798,76,854,1
806,806,22,862,1
809,809,76,865,1
827,827,22,880,1
828,828,22,881,1
835,835,22,890,1
837,837,76,893,1
838,838,76,894,1
840,840,22,896,1
842,842,22,776,1
843,843,76,899,1
850,850,22,887,1
851,851,22,802,1
852,852,22,907,1
853,853,76,908,1
858,858,76,914,1
859,859,76,915,1
862,862,76,919,1
863,863,76,920,1
867,867,76,923,1
877,877,76,934,1
885,885,76,942,1
887,887,22,944,1
896,896,22,954,1
898,898,22,956,1
901,901,76,960,1
904,904,22,965,1
906,906,22,968,1
911,911,22,973,1
912,912,76,974,1
919,919,22,983,1
920,920,76,985,1
921,921,22,986,1
922,922,22,987,1
926,926,22,991,1
929,929,22,994,1
946,946,22,1011,1
949,949,22,1013,1
952,952,22,1017,1
953,953,22,1018,1
957,957,22,1024,1
958,958,76,1025,1
975,975,22,816,1
990,990,22,1058,1
991,991,76,1059,1
992,992,76,1060,1
994,994,22,1063,1
995,995,76,1064,1
996,996,76,1065,1
1003,1003,22,653,1
1005,1005,76,1074,1
1008,1008,22,1077,1
1014,1014,76,1085,1
1027,1027,76,1097,1
1029,1029,76,1099,1
1033,1033,22,1104,1
1035,1035,76,1106,1
1038,1038,76,1108,1
1052,1052,76,1122,1
1053,1053,76,1123,1
1056,1056,76,1126,1
1058,1058,22,1130,1
1059,1059,76,1131,1
1064,1064,76,1134,1
1070,1070,22,1140,1
1073,1073,22,1143,1
1075,1075,22,1146,1
1080,1080,22,1149,1
1085,1085,22,1156,1
1116,1116,22,1189,1
1133,1133,22,1205,1
1138,1138,22,1213,1
1145,1145,22,1221,1
1173,1173,22,1245,1
1183,1183,22,1255,1
1202,1202,22,1163,1
1209,1209,22,1279,1
1216,1216,22,1286,1
1250,1250,22,1316,1
1266,1266,22,1332,1
1278,1278,22,1135,1
1281,1281,22,1346,1
1286,1286,76,1352,1
1310,1310,76,1374,1
1354,1354,22,1412,1
1366,1366,76,1422,1
1406,1406,22,1461,1
1414,1414,76,1469,1
1421,1421,22,1428,1
1442,1442,22,1495,1
1455,1455,22,1506,1
1463,1463,22,1516,1
1474,1474,22,693,1
1513,1513,22,1562,1
1514,1514,22,1563,1
1530,1530,22,1577,1
1544,1544,22,1589,1
1547,1547,22,1592,1
1549,1549,22,1480,1
1551,1551,22,1595,1
1553,1553,76,1597,1
1556,1556,22,1600,1
1557,1557,22,1601,1
1572,1572,22,1614,1
1595,1595,22,1636,1
1604,1604,22,1643,1
1607,1607,22,1646,1
1608,1608,76,1647,1
1626,1626,22,1660,1
1629,1629,76,1662,1
1651,1651,22,1682,1
1681,1681,22,1711,1
1689,1689,76,1719,1
1715,1715,22,1747,1
1739,1739,76,1779,1
1768,1768,22,1811,1
1827,1827,76,1872,1
1847,1847,22,1895,1
1870,1870,76,1920,1
1878,1878,22,1929,1
1882,1882,22,1933,1
1900,1900,22,1952,1
1928,1928,22,1985,1
1930,1930,22,1987,1
1956,1956,22,1709,1
1970,1970,22,2029,1
1977,1977,22,1910,1
1986,1986,22,1734,1
1988,1988,76,2048,1
2001,2001,22,2061,1
2002,2002,22,2062,1
2015,2015,22,2078,1
2018,2018,22,2081,1
2022,2022,76,2085,1
2023,2023,22,2086,1
2036,2036,22,2103,1
2039,2039,22,2108,1
2071,2071,22,2140,1
2073,2073,22,2142,1
2081,2081,22,2133,1
2085,2085,22,2150,1
2101,2101,22,2160,1
2105,2105,76,2172,1
2113,2113,22,2180,1
2114,2114,22,2181,1
2115,2115,22,2182,1
2120,2120,22,2079,1
2129,2129,22,2197,1
2131,2131,22,2199,1
2137,2137,22,2205,1
2138,2138,22,2206,1
2154,2154,22,2225,1
2161,2161,22,2231,1
2170,2170,22,2240,1
2173,2173,76,2243,1
2181,2181,22,2252,1
2182,2182,22,1810,1
2183,2183,22,2253,1
2184,2184,22,1834,1
2185,2185,22,1814,1
2186,2186,22,2254,1
2188,2188,22,2258,1
2196,2196,22,2268,1
2201,2201,22,2274,1
2204,2204,22,2278,1
2205,2205,22,2279,1
2210,2210,22,2284,1
2213,2213,22,2287,1
2248,2248,22,2324,1
2252,2252,22,1928,1
2268,2268,22,2344,1
2278,2278,22,1990,1
2281,2281,22,2358,1
2285,2285,22,2362,1
2290,2290,22,1903,1
2294,2294,22,2019,1
2303,2303,22,2377,1
2315,2315,22,2388,1
2321,2321,22,2395,1
2329,2329,22,2403,1
2331,2331,22,2405,1
2334,2334,22,2407,1
2344,2344,22,1965,1
2347,2347,22,2421,1
2348,2348,22,2422,1
2354,2354,22,2428,1
2357,2357,22,2000,1
2361,2361,22,2434,1
2365,2365,22,2439,1
2368,2368,22,1904,1
2370,2370,22,2009,1
2372,2372,22,2443,1
2374,2374,22,1927,1
2376,2376,22,2446,1
2378,2378,22,2448,1
2380,2380,22,2452,1
2381,2381,22,1740,1
2383,2383,22,2455,1
2386,2386,22,2458,1
2403,2403,22,2132,1
2404,2404,22,2475,1
2406,2406,22,2477,1
2408,2408,22,2479,1
2410,2410,22,2480,1
2412,2412,22,2482,1
2414,2414,22,2484,1
2431,2431,22,2498,1
2434,2434,22,2501,1
2435,2435,22,2502,1
2436,2436,22,2503,1
2438,2438,22,2505,1
2439,2439,22,2506,1
2440,2440,22,2507,1
2441,2441,22,2508,1
2444,2444,22,2511,1
2445,2445,22,2512,1
2446,2446,22,2513,1
2447,2447,22,2514,1
2448,2448,76,2516,1
2449,2449,22,2517,1
2450,2450,22,2518,1
2451,2451,22,2520,1
2452,2452,22,2521,1
2453,2453,22,2523,1
2455,2455,22,2525,1
2456,2456,22,2526,1
2457,2457,22,2527,1
2458,2458,22,2529,1
2459,2459,22,2530,1
2461,2461,22,2532,1
2462,2462,22,2534,1
2463,2463,22,2535,1
2464,2464,22,2536,1
2465,2465,22,2537,1
2467,2467,22,2539,1
2468,2468,22,2540,1
2469,2469,22,2541,1
2470,2470,22,2542,1
2471,2471,22,2543,1
2473,2473,22,2524,1
2477,2477,22,2548,1
2480,2480,22,2500,1
2482,2482,22,2551,1
2484,2484,22,2553,1
2485,2485,22,2554,1
2487,2487,22,2556,1
2488,2488,22,2557,1
2489,2489,22,2550,1
2491,2491,22,2559,1
2492,2492,22,2561,1
2493,2493,22,2562,1
2494,2494,22,2549,1
2497,2497,22,2568,1
2503,2503,22,2574,1
2504,2504,22,2575,1
2508,2508,22,2580,1
2509,2509,22,2581,1
2512,2512,22,2583,1
2513,2513,22,2584,1
2514,2514,22,2585,1
2515,2515,22,2586,1
2516,2516,22,2587,1
2517,2517,22,2588,1
2519,2519,22,2590,1
2522,2522,76,2592,1
2523,2523,22,2593,1
2525,2525,22,2596,1
2526,2526,22,2597,1
2527,2527,22,2598,1
2528,2528,22,2599,1
2529,2529,22,2600,1
2533,2533,22,2604,1
2535,2535,22,2606,1
2536,2536,22,2607,1
2537,2537,22,2608,1
2538,2538,22,2609,1
2539,2539,22,2602,1
2541,2541,22,2611,1
2543,2543,22,2613,1
2546,2546,22,2616,1
2547,2547,22,2617,1
2548,2548,22,2618,1
2550,2550,22,2619,1
2553,2553,22,2622,1
2555,2555,22,2624,1
2556,2556,22,2625,1
2558,2558,22,2499,1
2560,2560,22,2627,1
2561,2561,22,2628,1
2562,2562,22,2629,1
2563,2563,22,2630,1
2564,2564,22,2631,1
2567,2567,22,2633,1
2569,2569,22,2634,1
2570,2570,22,2635,1
2571,2571,22,2636,1
2572,2572,22,2637,1
2574,2574,22,2639,1
2575,2575,22,2640,1
2577,2577,22,2641,1
2579,2579,22,2643,1
2580,2580,22,2644,1
2582,2582,22,2646,1
2587,2587,76,2650,1
2588,2588,22,2651,1
2589,2589,22,2652,1
2590,2590,22,2653,1
2594,2594,22,2642,1
2601,2601,22,2661,1
2602,2602,22,2603,1
2603,2603,22,2662,1
2604,2604,22,2663,1
2608,2608,22,2667,1
2609,2609,76,2668,1
2611,2611,22,2670,1
2613,2613,22,2673,1
2627,2627,28,2689,1
2628,2628,28,2690,1
2629,2629,28,2691,1
2630,2630,28,2692,1
2631,2631,28,2693,1
2632,2632,28,2694,1
2633,2633,28,2695,1
2634,2634,28,2696,1
2635,2635,28,2697,1
2645,2645,28,2709,1
2646,2646,28,2710,1
2647,2647,28,2711,1
2648,2648,28,2712,1
2649,2649,28,2713,1
2650,2650,28,2714,1
2651,2651,28,2715,1
2652,2652,28,2716,1
2653,2653,28,2717,1
2654,2654,28,2718,1
2655,2655,28,2719,1
2656,2656,28,2720,1
2657,2657,28,2721,1
2693,2693,28,2758,1
2694,2694,28,2759,1
2695,2695,28,2760,1
2696,2696,28,2761,1
2697,2697,28,2762,1
2698,2698,28,2763,1
2699,2699,28,2764,1
2700,2700,28,2766,1
2708,2708,28,2774,1
2709,2709,28,2776,1
2710,2710,28,2777,1
2711,2711,28,2778,1
2712,2712,28,2779,1
2713,2713,28,2780,1
2714,2714,28,2781,1
2715,2715,28,2782,1
2716,2716,28,2783,1
2717,2717,28,2784,1
2718,2718,28,2785,1
2721,2721,28,2788,1
2722,2722,28,2789,1
2723,2723,28,2790,1
2724,2724,28,2791,1
2725,2725,28,2792,1
2726,2726,28,2793,1
2727,2727,28,2794,1
2728,2728,28,2795,1
2729,2729,28,2796,1
2730,2730,28,2797,1
2739,2739,28,2801,1
2740,2740,28,2802,1
2741,2741,28,2803,1
2742,2742,28,2804,1
2743,2743,28,2805,1
2744,2744,28,2806,1
2751,2751,28,2813,1
2752,2752,28,2814,1
2753,2753,28,2815,1
2754,2754,28,2816,1
2755,2755,28,2817,1
2756,2756,28,2818,1
2757,2757,28,2819,1
2758,2758,28,2820,1
2759,2759,28,2821,1
2760,2760,28,2822,1
2772,2772,28,2832,1
2773,2773,28,2833,1
2774,2774,28,2834,1
2775,2775,28,2835,1
2776,2776,28,2836,1
2783,2783,28,2844,1
2784,2784,28,2845,1
2785,2785,28,2846,1
2786,2786,28,2847,1
2787,2787,28,2848,1
2795,2795,28,2856,1
2796,2796,28,2857,1
2797,2797,28,2858,1
2954,2954,28,3025,1
2955,2955,28,3028,1
2956,2956,28,3029,1
2957,2957,28,3030,1
2958,2958,28,3031,1
2959,2959,28,3032,1
2960,2960,28,3033,1
2961,2961,28,3034,1
2962,2962,28,3035,1
2963,2963,28,3036,1
2964,2964,28,3037,1
2965,2965,28,3038,1
2966,2966,28,3040,1
2967,2967,28,3041,1
2968,2968,28,3042,1
2969,2969,28,3043,1
2970,2970,28,3044,1
2971,2971,28,3045,1
2972,2972,28,3046,1
2973,2973,28,3047,1
2974,2974,28,3048,1
2975,2975,28,3049,1
2976,2976,28,3050,1
2977,2977,28,3051,1
2978,2978,28,3052,1
2979,2979,28,3053,1
2980,2980,28,3054,1
2981,2981,28,3055,1
2982,2982,28,3056,1
2983,2983,28,3057,1
2984,2984,28,3059,1
2985,2985,28,3060,1
2986,2986,28,3061,1
2987,2987,28,3063,1
2988,2988,28,3064,1
2989,2989,28,3065,1
2990,2990,28,3066,1
2991,2991,28,3067,1
3037,3037,76,3117,1
3038,3038,76,3118,1
3039,3039,76,3119,1
3040,3040,76,3120,1
3041,3041,76,3121,1
3042,3042,76,3122,1
3043,3043,76,3123,1
3044,3044,76,3125,1
3045,3045,76,3126,1
3046,3046,76,3127,1
3047,3047,76,3128,1
3048,3048,76,3129,1
3049,3049,76,3130,1
3050,3050,76,3131,1
3079,3079,22,3162,1
3083,3083,22,3166,1
3085,3085,22,3168,1
3105,3105,22,3190,1
3110,3110,22,3196,1
3154,3154,22,3247,1
3162,3162,22,3255,1
3164,3164,22,3258,1
3199,3199,22,3295,1
3224,3224,22,3324,1
3247,3247,22,3348,1
3813,3813,28,3996,1
3814,3814,28,3997,1
3815,3815,28,3998,1
3816,3816,28,3999,1
3817,3817,28,4000,1
3818,3818,28,4001,1
3819,3819,28,4002,1
3820,3820,28,4003,1
3821,3821,28,4004,1
3822,3822,28,4005,1
3823,3823,28,4006,1
3824,3824,28,4007,1
3825,3825,28,4008,1
3826,3826,28,4009,1
3827,3827,28,4010,1
3828,3828,28,4011,1
3829,3829,28,4012,1
3830,3830,28,4013,1
3831,3831,28,4014,1
3832,3832,28,4015,1
3833,3833,28,4016,1
3834,3834,28,4017,1
3835,3835,28,4018,1
3836,3836,28,4019,1
3837,3837,28,4020,1
3838,3838,28,4021,1
3839,3839,28,4022,1
3840,3840,28,4023,1
3841,3841,28,4024,1
3842,3842,28,4025,1
3843,3843,28,4026,1
3844,3844,28,4027,1
3845,3845,28,4028,1
3846,3846,28,4029,1
4517,4517,121,4667,1
4518,4518,121,4668,1
4519,4519,121,4669,1
4520,4520,121,4670,1
4521,4521,121,4671,1
4522,4522,121,4672,1
4523,4523,121,4614,1
4524,4524,121,4673,1
4525,4525,121,4674,1
4526,4526,121,4676,1
4527,4527,121,4677,1
4622,4622,121,4775,1
4623,4623,121,4776,1
4624,4624,121,4777,1
4625,4625,121,4778,1
4626,4626,121,4779,1
4627,4627,121,4780,1
4628,4628,121,4781,1
4629,4629,121,4782,1
4630,4630,121,4783,1
4631,4631,121,4784,1
4632,4632,121,4785,1
4633,4633,121,4786,1
4634,4634,121,4787,1
4635,4635,121,4788,1
4636,4636,121,4789,1
4637,4637,121,4790,1
4638,4638,121,4791,1
4639,4639,121,4792,1
4640,4640,121,4793,1
4641,4641,121,4794,1
4642,4642,121,4795,1
4643,4643,121,4796,1
4644,4644,121,4797,1
4645,4645,121,4798,1
4646,4646,121,4799,1
4647,4647,121,4800,1
4648,4648,121,4801,1
4649,4649,121,4802,1
4749,4749,121,4904,1
4750,4750,121,4905,1
4751,4751,121,4906,1
4752,4752,121,4907,1
4753,4753,121,4908,1
4754,4754,121,4909,1
4755,4755,121,4910,1
4756,4756,121,4911,1
4757,4757,121,4912,1
4806,4806,121,4965,1
4807,4807,121,4966,1
4808,4808,121,4967,1
4809,4809,121,4968,1
4810,4810,121,4969,1
4811,4811,121,4971,1
4812,4812,121,4972,1
4813,4813,121,4973,1
4874,4874,121,5041,1
4875,4875,121,5042,1
4876,4876,121,5043,1
4877,4877,121,5044,1
4878,4878,121,5045,1
4879,4879,121,5046,1
4880,4880,121,5047,1
4881,4881,121,5048,1
4882,4882,121,5049,1
4883,4883,121,5050,1
4884,4884,121,5052,1
4885,4885,121,5053,1
4886,4886,121,5054,1
4887,4887,121,5055,1
4888,4888,121,5058,1
4889,4889,121,5059,1
4890,4890,121,5060,1
4891,4891,121,5061,1
4892,4892,121,5062,1
4893,4893,121,5063,1
4894,4894,121,5064,1
4895,4895,121,5065,1
4896,4896,121,5066,1
4897,4897,121,5067,1
4898,4898,121,5068,1
4899,4899,121,5069,1
4900,4900,121,5070,1
4901,4901,121,5071,1
4902,4902,121,5072,1
4903,4903,121,5073,1
4904,4904,121,5074,1
5033,5033,28,5215,1
5034,5034,28,5216,1
5051,5051,28,5233,1
5052,5052,28,5234,1
5053,5053,28,5235,1
5054,5054,28,5236,1
5055,5055,28,5237,1
5926,5926,121,6193,1
5927,5927,121,6196,1
5928,5928,121,6197,1
5929,5929,121,6198,1
5930,5930,121,6199,1
5931,5931,121,6200,1
5932,5932,121,6201,1
5933,5933,121,6202,1
5934,5934,121,6204,1
5935,5935,121,6205,1
5936,5936,121,6206,1
5937,5937,121,6207,1
5938,5938,121,6208,1
5939,5939,121,6209,1
5940,5940,121,6210,1
5941,5941,121,6211,1
5942,5942,121,6212,1
5943,5943,121,6213,1
5944,5944,121,6215,1
5945,5945,121,6216,1
5946,5946,121,6217,1
5947,5947,121,6218,1
5948,5948,121,6219,1
5949,5949,121,6221,1
5950,5950,121,6222,1
5951,5951,121,6223,1
5952,5952,121,6225,1
5953,5953,121,6226,1
5954,5954,121,6227,1
5955,5955,121,6228,1
5956,5956,121,6229,1
5957,5957,121,6230,1
5958,5958,121,6231,1
5959,5959,121,6232,1
5960,5960,121,6233,1
5961,5961,121,6234,1
5962,5962,121,6235,1
5963,5963,121,6236,1
5964,5964,121,6237,1
5965,5965,121,6238,1
5966,5966,121,6239,1
5967,5967,121,6240,1
5968,5968,121,6241,1
5969,5969,121,6242,1
5970,5970,121,6243,1
5971,5971,121,6244,1
5972,5972,121,6245,1
5973,5973,121,6246,1
5974,5974,121,6247,1
5975,5975,121,6248,1
5976,5976,121,6249,1
5977,5977,121,6251,1
5978,5978,121,6252,1
5979,5979,121,6253,1
5980,5980,121,6254,1
5981,5981,121,6255,1
5982,5982,121,6256,1
5983,5983,121,6257,1
5984,5984,121,6258,1
5985,5985,121,6259,1
5986,5986,121,6261,1
5987,5987,121,6262,1
5988,5988,121,6263,1
5989,5989,121,6265,1
5990,5990,121,6266,1
5991,5991,121,6267,1
5992,5992,121,6268,1
5993,5993,121,6269,1
5994,5994,121,6270,1
5995,5995,121,6271,1
5996,5996,121,6272,1
5997,5997,121,6273,1
5998,5998,121,6274,1
5999,5999,121,6275,1
6000,6000,121,6276,1
6001,6001,121,6277,1
6002,6002,121,6278,1
6003,6003,121,6279,1
6004,6004,121,6280,1
6005,6005,121,6281,1
6006,6006,121,6282,1
6007,6007,121,6284,1
6008,6008,121,6285,1
6009,6009,121,6286,1
6010,6010,121,6287,1
6011,6011,121,6288,1
6012,6012,121,6289,1
6013,6013,121,6290,1
6014,6014,121,6291,1
6015,6015,121,6294,1
6016,6016,121,6296,1
6017,6017,121,6297,1
6018,6018,121,6298,1
6019,6019,121,6299,1
6020,6020,121,6300,1
6021,6021,121,6301,1
6022,6022,121,6302,1
6023,6023,121,6303,1
6024,6024,121,6304,1
6025,6025,121,6305,1
6026,6026,121,6306,1
6027,6027,121,6308,1
6028,6028,121,6309,1
6029,6029,121,6310,1
6030,6030,121,6311,1
6031,6031,121,6312,1
6032,6032,121,6313,1
6033,6033,121,6314,1
6034,6034,121,6315,1
6035,6035,121,6316,1
6036,6036,121,6317,1
6037,6037,121,6318,1
6038,6038,121,6319,1
6039,6039,121,6320,1
6040,6040,121,6321,1
6041,6041,121,6322,1
6042,6042,121,6323,1
6043,6043,121,6324,1
6044,6044,121,6325,1
6045,6045,121,6326,1
6046,6046,121,6328,1
6047,6047,121,6329,1
6048,6048,121,6330,1
6049,6049,121,6331,1
6050,6050,121,6332,1
6051,6051,121,6333,1
6052,6052,121,6334,1
6053,6053,121,6335,1
6054,6054,121,6336,1
6055,6055,121,6337,1
6056,6056,121,6338,1
6057,6057,121,6339,1
6058,6058,121,6340,1
6059,6059,121,6341,1
6060,6060,121,6342,1
6061,6061,121,6343,1
6062,6062,121,6344,1
6063,6063,121,6345,1
6064,6064,121,6346,1
6065,6065,121,6347,1
6066,6066,121,6348,1
6067,6067,121,6349,1
6068,6068,121,6350,1
6069,6069,121,6351,1
6070,6070,121,6352,1
6071,6071,121,6353,1
6072,6072,121,6354,1
6073,6073,121,6356,1
6074,6074,121,6358,1
6075,6075,121,6359,1
6076,6076,121,6360,1
6077,6077,121,6361,1
6078,6078,121,6362,1
6079,6079,121,6363,1
6080,6080,121,6364,1
6081,6081,121,6365,1
6082,6082,121,6366,1
6083,6083,121,6367,1
6084,6084,121,6368,1
6085,6085,121,6369,1
6086,6086,121,6370,1
6087,6087,121,6371,1
6088,6088,121,6372,1
6089,6089,121,6374,1
6090,6090,121,6375,1
6899,6899,22,7277,1
6900,6900,22,7278,1
6901,6901,22,7280,1
6902,6902,22,7281,1
6925,6925,76,7306,1
6926,6926,76,7307,1
6927,6927,76,7308,1
6928,6928,76,7309,1
6929,6929,76,7310,1
6930,6930,76,7311,1
6931,6931,76,7312,1
6932,6932,76,7313,1
6933,6933,76,7314,1
6934,6934,76,7315,1
6935,6935,76,7316,1
6936,6936,76,7317,1
6937,6937,76,7318,1
6938,6938,76,7319,1
6939,6939,76,7320,1
6940,6940,76,7321,1
6941,6941,76,7322,1
6942,6942,76,7323,1
6943,6943,76,7324,1
6944,6944,76,7325,1
6945,6945,76,7326,1
6946,6946,76,7327,1
6947,6947,76,7328,1
6948,6948,76,7329,1
6949,6949,76,7330,1
6950,6950,76,7331,1
6951,6951,76,7332,1
6952,6952,76,7333,1
6953,6953,76,7334,1
6954,6954,76,7335,1
6955,6955,76,7336,1
6956,6956,76,7337,1
6957,6957,76,7338,1
6958,6958,76,7339,1
6959,6959,76,7340,1
6960,6960,76,7341,1
6961,6961,76,7342,1
6962,6962,76,7343,1
6963,6963,76,7344,1
6964,6964,76,7345,1
6965,6965,76,7346,1
6966,6966,76,7348,1
6967,6967,76,7349,1
6968,6968,76,7350,1
6969,6969,76,7351,1
6970,6970,76,7353,1
6971,6971,76,7354,1
6972,6972,76,7355,1
6973,6973,76,7356,1
6974,6974,76,7357,1
6975,6975,76,7358,1
6976,6976,76,7359,1
6977,6977,76,7360,1
6978,6978,76,7361,1
6979,6979,76,7362,1
6980,6980,76,7363,1
6981,6981,76,7364,1
6982,6982,76,7365,1
6983,6983,76,7366,1
6984,6984,76,7367,1
6985,6985,76,7368,1
6986,6986,76,7369,1
6987,6987,76,7370,1
6988,6988,76,7371,1
6989,6989,76,7372,1
6990,6990,76,7373,1
6991,6991,76,7374,1
6992,6992,76,7376,1
6993,6993,76,7377,1
6994,6994,76,7378,1
6995,6995,76,7379,1
6996,6996,76,7380,1
6997,6997,76,7381,1
6998,6998,76,7382,1
6999,6999,76,7383,1
7000,7000,76,7384,1
7001,7001,76,7385,1
7002,7002,76,7387,1
7003,7003,76,7388,1
7004,7004,76,7389,1
7005,7005,76,7390,1
7006,7006,76,7391,1
7007,7007,76,7392,1
7008,7008,76,7393,1
7009,7009,76,7394,1
7010,7010,76,7395,1
7011,7011,76,7396,1
7012,7012,76,7397,1
7013,7013,76,7398,1
7014,7014,76,7399,1
7015,7015,76,7400,1
7016,7016,76,7401,1
7017,7017,76,7402,1
7018,7018,76,7403,1
7019,7019,76,7404,1
7020,7020,76,7405,1
7021,7021,76,7406,1
7022,7022,76,7407,1
7023,7023,76,7408,1
7024,7024,76,7409,1
7025,7025,76,7410,1
7026,7026,76,7411,1
7027,7027,76,7412,1
7028,7028,76,7413,1
7029,7029,76,7414,1
7030,7030,76,7415,1
7031,7031,76,7417,1
7032,7032,76,7418,1
7033,7033,76,7419,1
7034,7034,76,7420,1
7035,7035,76,7421,1
7036,7036,76,7422,1
7037,7037,76,7423,1
7038,7038,76,7424,1
7039,7039,76,7425,1
7040,7040,76,7426,1
7041,7041,76,7427,1
7042,7042,76,7428,1
7043,7043,76,7429,1
7044,7044,76,7430,1
7045,7045,76,7431,1
7046,7046,76,7433,1
7047,7047,76,7434,1
7048,7048,76,7435,1
7049,7049,76,7436,1
7050,7050,76,7437,1
7051,7051,76,7438,1
7052,7052,76,7439,1
7053,7053,76,7440,1
7054,7054,76,7441,1
7055,7055,76,7442,1
7056,7056,76,7443,1
7057,7057,76,7444,1
7058,7058,76,7445,1
7059,7059,76,7446,1
7060,7060,76,7447,1
7061,7061,76,7448,1
7062,7062,76,7449,1
7063,7063,76,7450,1
7064,7064,76,7451,1
7065,7065,76,7452,1
7066,7066,76,7453,1
7067,7067,76,7454,1
7068,7068,76,7455,1
7069,7069,76,7456,1
7070,7070,76,7457,1
7071,7071,76,7458,1
7072,7072,76,7459,1
7073,7073,76,7460,1
7074,7074,76,7461,1
7075,7075,76,7462,1
7076,7076,76,7463,1
7077,7077,76,7464,1
7078,7078,76,7465,1
7079,7079,76,7466,1
7080,7080,76,7467,1
7081,7081,76,7468,1
7082,7082,76,7469,1
7083,7083,76,7470,1
7084,7084,76,7471,1
7085,7085,76,7472,1
7086,7086,76,7473,1
7087,7087,76,7474,1
7088,7088,76,7475,1
7089,7089,76,7476,1
7090,7090,76,7477,1
7091,7091,76,7478,1
7092,7092,76,7479,1
7093,7093,76,7480,1
7094,7094,76,7481,1
7095,7095,76,7482,1
7096,7096,76,7483,1
7097,7097,76,7484,1
7098,7098,76,7485,1
7099,7099,76,7488,1
7100,7100,76,7489,1
7101,7101,76,7490,1
7102,7102,76,7491,1
7103,7103,76,7492,1
7104,7104,76,7493,1
7105,7105,76,7494,1
7106,7106,76,7495,1
7107,7107,76,2735,1
7108,7108,76,7497,1
7109,7109,76,7498,1
7110,7110,76,7499,1
7111,7111,76,7500,1
7112,7112,76,7502,1
7113,7113,76,7503,1
7114,7114,76,7506,1
7115,7115,76,7508,1
7116,7116,76,7509,1
7117,7117,76,7510,1
7118,7118,76,7511,1
7119,7119,76,7512,1
7120,7120,76,7513,1
7121,7121,76,7514,1
7122,7122,76,7515,1
7123,7123,76,7517,1
7124,7124,76,7518,1
7125,7125,76,7519,1
7126,7126,76,7520,1
7127,7127,76,7522,1
7128,7128,76,7523,1
7129,7129,76,7524,1
7130,7130,76,7525,1
7131,7131,76,7526,1
7132,7132,76,7527,1
7133,7133,76,7528,1
7134,7134,76,7529,1
7135,7135,76,7530,1
7136,7136,76,7531,1
7137,7137,76,7532,1
7138,7138,76,7533,1
7139,7139,76,7534,1
7140,7140,76,7535,1
7141,7141,76,7536,1
7142,7142,76,7537,1
7143,7143,76,7538,1
7144,7144,76,7539,1
7145,7145,76,7540,1
7146,7146,76,7541,1
7147,7147,76,7542,1
7148,7148,76,7543,1
7149,7149,76,7544,1
7150,7150,76,7545,1
7151,7151,76,7547,1
7152,7152,76,7548,1
7153,7153,76,7549,1
7154,7154,76,7550,1
7155,7155,76,7551,1
7156,7156,76,7552,1
7157,7157,76,7553,1
7158,7158,76,7554,1
7159,7159,76,7556,1
7160,7160,76,7557,1
7161,7161,76,7558,1
7162,7162,76,7559,1
7163,7163,76,7560,1
7164,7164,76,7561,1
7165,7165,76,7563,1
7166,7166,76,7564,1
7167,7167,76,7565,1
7168,7168,76,7566,1
7169,7169,76,7567,1
7170,7170,76,7568,1
7171,7171,76,7570,1
7172,7172,76,7571,1
7173,7173,76,7572,1
7174,7174,76,7573,1
7175,7175,76,7574,1
7176,7176,76,7575,1
7177,7177,76,7576,1
7178,7178,76,7577,1
7179,7179,76,7578,1
7180,7180,76,7579,1
7181,7181,76,7580,1
7182,7182,76,7581,1
7183,7183,76,7582,1
7184,7184,76,7583,1
7185,7185,76,7584,1
7186,7186,76,7585,1
7187,7187,76,7586,1
7188,7188,76,7587,1
7189,7189,76,7588,1
7190,7190,76,7589,1
7191,7191,76,7590,1
7192,7192,76,7591,1
7473,7473,121,7910,1
7474,7474,121,7911,1
7477,7477,76,7914,1
7479,7479,76,7916,1
7482,7482,28,7919,1
8107,8107,28,8601,1
8108,8108,28,8602,1
8109,8109,28,8603,1
8110,8110,28,8604,1
8111,8111,28,8605,1
8112,8112,28,8606,1
8113,8113,28,8607,1
8114,8114,28,8608,1
8115,8115,28,8609,1
8116,8116,28,8611,1
8117,8117,28,8612,1
8118,8118,28,8613,1
8119,8119,28,8614,1
8120,8120,28,8615,1
8121,8121,28,8616,1
8122,8122,28,8617,1
8123,8123,28,8618,1
8124,8124,28,8619,1
8125,8125,28,8620,1
8126,8126,28,8621,1
8127,8127,28,8622,1
8128,8128,28,8624,1
8129,8129,28,8625,1
8130,8130,28,8626,1
8131,8131,28,8627,1
8132,8132,28,8628,1
8133,8133,28,8629,1
8134,8134,28,8630,1
8135,8135,28,8631,1
8136,8136,28,8632,1
8137,8137,28,8633,1
8138,8138,28,8634,1
8139,8139,28,8635,1
8140,8140,28,8636,1
8141,8141,28,8637,1
8142,8142,28,8638,1
8143,8143,28,8639,1
8144,8144,28,8640,1
8145,8145,28,8641,1
8146,8146,28,8642,1
8507,8507,121,9049,1
8508,8508,121,9050,1
8509,8509,121,9051,1
8510,8510,121,9052,1
8511,8511,121,9053,1
8512,8512,121,9054,1
8513,8513,121,9055,1
8514,8514,121,9056,1
8515,8515,121,9057,1
8516,8516,121,9058,1
8517,8517,121,9059,1
8518,8518,121,9060,1
8519,8519,121,9062,1
8520,8520,121,9063,1
8521,8521,121,9064,1
8522,8522,121,9065,1
8523,8523,121,9066,1
8524,8524,121,9068,1
8525,8525,121,9070,1
8526,8526,121,9071,1
8527,8527,121,9072,1
8528,8528,121,9073,1
8529,8529,121,9074,1
8530,8530,121,9075,1
8531,8531,121,9076,1
8532,8532,121,9077,1
8533,8533,121,9080,1
8534,8534,121,9081,1
8535,8535,121,9082,1
8536,8536,121,9083,1
8537,8537,121,9084,1
8538,8538,121,9085,1
8539,8539,121,9086,1
8540,8540,121,9087,1
8541,8541,121,9088,1
8542,8542,121,9089,1
8543,8543,121,9091,1
8544,8544,121,9092,1
8545,8545,121,9093,1
8546,8546,121,9094,1
8547,8547,121,9095,1
8548,8548,121,9096,1
8549,8549,121,9097,1
8550,8550,121,9098,1
8551,8551,121,9099,1
8552,8552,121,9100,1
8553,8553,121,9101,1
8554,8554,121,9102,1
8555,8555,121,9103,1
8556,8556,121,9105,1
8557,8557,121,9106,1
8558,8558,121,9107,1
8559,8559,121,9108,1
8560,8560,121,9109,1
8561,8561,121,9110,1
8562,8562,121,9111,1
8563,8563,121,9112,1
8564,8564,121,9113,1
8565,8565,121,9114,1
8566,8566,121,9115,1
8567,8567,121,9116,1
8568,8568,121,9117,1
8569,8569,121,9118,1
8570,8570,121,9119,1
8571,8571,121,9120,1
8572,8572,121,9121,1
8573,8573,121,9123,1
8574,8574,121,9124,1
8575,8575,121,9125,1
8576,8576,121,9126,1
8577,8577,121,9127,1
8578,8578,121,9128,1
8579,8579,121,9129,1
8580,8580,121,9130,1
8581,8581,121,9131,1
8582,8582,121,9132,1
8583,8583,121,9133,1
8584,8584,121,9134,1
8585,8585,121,9135,1
8820,8820,28,9388,1
8821,8821,28,9389,1
8822,8822,28,9390,1
8823,8823,28,9391,1
8824,8824,28,9392,1
8825,8825,28,9393,1
8826,8826,28,9394,1
8827,8827,28,9395,1
8828,8828,28,9396,1
8829,8829,28,9397,1
8830,8830,28,8479,1
8831,8831,28,9399,1
8832,8832,28,9400,1
8833,8833,28,9401,1
8834,8834,28,9402,1
8835,8835,28,9403,1
8836,8836,28,9404,1
8837,8837,28,9405,1
8838,8838,28,9406,1
8839,8839,28,9407,1
8840,8840,28,9408,1
8841,8841,28,9409,1
8842,8842,28,9410,1
8843,8843,28,9411,1
8844,8844,28,9412,1
8845,8845,28,9413,1
8846,8846,28,9414,1
8847,8847,28,9416,1
8848,8848,28,9417,1
8849,8849,28,9419,1
8850,8850,28,9420,1
8851,8851,28,9421,1
8852,8852,28,9422,1
8853,8853,28,9423,1
8857,8857,28,9427,1
8858,8858,28,9428,1
8859,8859,28,9429,1
8860,8860,28,9430,1
8861,8861,28,9431,1
8862,8862,28,9432,1
8863,8863,28,9433,1
8864,8864,28,9434,1
8866,8866,28,9436,1
8867,8867,28,9437,1
8868,8868,28,9438,1
8869,8869,28,9439,1
8870,8870,28,9440,1
8871,8871,28,9441,1
8872,8872,28,9442,1
8873,8873,28,9444,1
8874,8874,28,9445,1
8875,8875,28,9446,1
8876,8876,28,9447,1
8877,8877,28,9448,1
8878,8878,28,9449,1
8879,8879,28,9450,1
8880,8880,28,9451,1
8881,8881,28,9452,1
8882,8882,28,9455,1
8883,8883,28,9456,1
8884,8884,28,9457,1
8885,8885,28,9458,1
8886,8886,28,9459,1
8887,8887,28,9460,1
8888,8888,28,9461,1
8889,8889,28,9463,1
8890,8890,28,9464,1
8891,8891,28,9465,1
8892,8892,28,9466,1
8893,8893,28,9467,1
8894,8894,28,9468,1
8895,8895,28,9469,1
8896,8896,28,9470,1
8897,8897,28,9471,1
8898,8898,28,9472,1
8899,8899,28,9473,1
8900,8900,28,9475,1
8901,8901,28,9476,1
8902,8902,28,9477,1
8903,8903,28,9478,1
8904,8904,28,9479,1
8905,8905,28,9481,1
8906,8906,28,9482,1
8907,8907,28,9483,1
8908,8908,28,9484,1
8942,8942,22,9522,1
8943,8943,22,9523,1
8944,8944,22,9524,1
8945,8945,22,9525,1
8946,8946,22,9526,1
8947,8947,22,9527,1
8948,8948,22,9528,1
9039,9039,76,9622,1
9040,9040,76,9623,1
9041,9041,76,9624,1
9042,9042,76,9625,1
9043,9043,76,9626,1
9044,9044,76,9627,1
9045,9045,76,9628,1
9046,9046,76,9629,1
9047,9047,76,9630,1
9550,9550,22,150,0
9553,9553,28,188,0
9609,9609,76,753,0
9656,9656,76,1263,0
9677,9677,28,1406,0
9691,9691,121,608,0
9705,9705,28,1666,0
9751,9751,121,2053,0
9758,9758,121,2110,0
9767,9767,28,2165,0
9780,9780,22,2325,0
9788,9788,22,2435,0
9802,9802,28,2524,0
9821,9821,121,2739,0
9911,9911,121,3630,0
9944,9944,28,3888,0
9952,9952,22,3985,0
9970,9970,76,4144,0
9974,9974,121,4209,0
9975,9975,121,4226,0
9986,9986,28,4352,0
10081,10081,121,5247,0
10084,10084,76,5285,0
10092,10092,121,5323,0
10096,10096,22,5347,0
10103,10103,121,5434,0
10112,10112,22,5534,0
10131,10131,28,5729,0
10135,10135,28,5790,0
10138,10138,28,5809,0
10158,10158,76,6000,0
10162,10162,76,6035,0
10199,10199,28,6463,0
10250,10250,121,6938,0
10282,10282,121,7239,0
10315,10315,76,7620,0
10316,10316,28,7637,0
10332,10332,22,7776,0
10338,10338,76,7874,0
10353,10353,28,8015,0
10356,10356,76,8025,0
10385,10385,121,8352,0
10407,10407,76,8587,0
10419,10419,121,8674,0
10434,10434,28,8805,0
10460,10460,22,9073,0
10467,10467,28,9110,0
10511,10511,121,9435,0
10550,10550,121,9763,0
10560,10560,121,9866,0
10622,10622,22,233,0
10646,10646,121,432,0
10654,10654,121,482,0
10655,10655,76,487,0
10704,10704,76,892,0
10757,10757,28,1337,0
10767,10767,121,1415,0
10808,10808,22,1752,0
10814,10814,121,1851,0
10816,10816,76,1883,0
10827,10827,76,2002,0
10833,10833,22,2063,0
10859,10859,121,2294,0
10885,10885,76,2627,0
10909,10909,28,2864,0
10917,10917,28,2906,0
10921,10921,22,3007,0
10957,10957,76,3440,0
10959,10959,28,3455,0
10964,10964,121,3520,0
10969,10969,121,3576,0
10992,10992,22,3947,0
10995,10995,28,3968,0
11001,11001,28,3994,0
11070,11070,121,4509,0
11074,11074,28,4575,0
11090,11090,76,4783,0
11123,11123,121,5130,0
11145,11145,76,5311,0
11216,11216,28,5964,0
11219,11219,22,6025,0
11223,11223,76,6098,0
11301,11301,121,6784,0
11320,11320,22,6987,0
11348,11348,121,7230,0
11405,11405,76,7775,0
11423,11423,121,7909,0
11469,11469,76,8248,0
11482,11482,76,8414,0
11497,11497,76,8522,0
11502,11502,28,8595,0
11513,11513,76,8760,0
11540,11540,121,8976,0
11572,11572,76,9243,0
11581,11581,22,9297,0
11582,11582,22,9302,0
11603,11603,28,9537,0
11607,11607,22,9587,0
11638,11638,22,9920,0
11639,11639,22,9954,0
11733,11733,22,672,0
11774,11774,76,991,0
11792,11792,22,1214,0
11794,11794,22,1231,0
11812,11812,28,1322,0
11850,11850,22,1765,0
11887,11887,76,2142,0
11901,11901,22,2316,0
11915,11915,22,2027,0
11925,11925,121,2456,0
11926,11926,121,2458,0
11929,11929,28,2480,0
11937,11937,76,2506,0
11984,11984,76,2941,0
12047,12047,28,3531,0
12076,12076,121,3897,0
12078,12078,76,3933,0
12081,12081,121,3972,0
12119,12119,22,4398,0
12136,12136,28,4540,0
12147,12147,76,4620,0
12152,12152,22,4639,0
12184,12184,121,4897,0
12226,12226,28,5309,0
12232,12232,22,5368,0
12268,12268,28,5700,0
12281,12281,28,5751,0
12309,12309,76,6028,0
12369,12369,28,6803,0
12371,12371,76,6839,0
12402,12402,121,7125,0
12444,12444,22,7578,0
12476,12476,76,7884,0
12489,12489,22,7981,0
12496,12496,121,8024,0
12497,12497,76,8027,0
12521,12521,121,8347,0
12523,12523,76,8377,0
12538,12538,28,8501,0
12557,12557,22,8681,0
12558,12558,28,8702,0
12577,12577,76,8898,0
12588,12588,76,8988,0
12609,12609,121,9292,0
12618,12618,22,9358,0
12633,12633,121,9458,0
12670,12670,22,9704,0
12688,12688,22,9892,0
12706,12706,76,10051,0
12724,12724,28,60,0
12740,12740,28,205,0
12745,12745,121,262,0
12779,12779,22,531,0
12831,12831,121,1006,0
12863,12863,28,1149,0
12867,12867,121,1272,0
12889,12889,28,1436,0
12923,12923,22,1707,0
12960,12960,121,2117,0
12976,12976,121,2232,0
12992,12992,76,2381,0
13031,13031,28,2705,0
13062,13062,121,2932,0
13065,13065,22,2961,0
13068,13068,76,2967,0
13071,13071,22,2999,0
13111,13111,28,3333,0
13116,13116,76,3382,0
13151,13151,22,3678,0
13182,13182,76,4092,0
13188,13188,76,4119,0
13214,13214,121,4470,0
13239,13239,28,4626,0
13263,13263,76,4827,0
13280,13280,121,4992,0
13329,13329,22,5530,0
13338,13338,28,5669,0
13343,13343,121,5757,0
13347,13347,28,5800,0
13392,13392,76,6308,0
13402,13402,22,6406,0
13410,13410,22,6482,0
13427,13427,76,6684,0
13431,13431,76,6705,0
13460,13460,121,7084,0
13566,13566,28,8045,0
13572,13572,22,8091,0
13644,13644,76,8714,0
13646,13646,76,8729,0
13648,13648,76,8737,0
13659,13659,22,8884,0
13680,13680,22,9096,0
13698,13698,22,9274,0
13700,13700,28,9306,0
13704,13704,76,9354,0
13705,13705,121,9356,0
13711,13711,76,9404,0
13725,13725,28,9582,0
13750,13750,22,9791,0
13758,13758,76,9862,0
13783,13783,28,37,0
13824,13824,76,445,0
13826,13826,28,447,0
13847,13847,76,639,0
13893,13893,28,1170,0
13904,13904,28,1254,0
13916,13916,121,1319,0
13929,13929,22,1430,0
13956,13956,28,1733,0
13971,13971,76,1907,0
14016,14016,28,2226,0
14036,14036,22,2354,0
14054,14054,121,2543,0
14105,14105,22,3086,0
14115,14115,22,3202,0
14132,14132,22,3367,0
14133,14133,22,3374,0
14143,14143,121,3456,0
14153,14153,121,3516,0
14157,14157,28,3561,0
14164,14164,121,3629,0
14184,14184,121,3814,0
14185,14185,22,3849,0
14191,14191,121,3885,0
14225,14225,121,4208,0
14247,14247,28,4389,0
14264,14264,76,4501,0
14271,14271,28,4562,0
14272,14272,22,4579,0
14289,14289,121,4822,0
14305,14305,22,5006,0
14335,14335,22,5269,0
14338,14338,121,5340,0
14423,14423,28,6127,0
14437,14437,76,6259,0
14461,14461,28,6430,0
14537,14537,28,7265,0
14565,14565,22,7483,0
14602,14602,121,7857,0
14632,14632,76,8149,0
14634,14634,22,8179,0
14650,14650,76,8360,0
14655,14655,28,8420,0
14656,14656,76,8432,0
14661,14661,76,8492,0
14667,14667,121,8528,0
14683,14683,28,8738,0
14686,14686,76,8753,0
14693,14693,28,8807,0
14706,14706,121,8906,0
14770,14770,76,9468,0
14772,14772,76,9484,0
14773,14773,28,9488,0
14785,14785,121,9555,0
14817,14817,76,9893,0
14840,14840,28,21,0
14856,14856,28,261,0
14942,14942,121,1120,0
14944,14944,22,1127,0
14972,14972,22,1349,0
14983,14983,76,1449,0
14989,14989,22,1492,0
15020,15020,22,1691,0
15035,15035,76,1909,0
15086,15086,121,2376,0
15118,15118,28,2500,0
15130,15130,22,2694,0
15159,15159,22,2934,0
15161,15161,76,2964,0
15257,15257,22,3935,0
15272,15272,28,4095,0
15286,15286,121,4173,0
15292,15292,76,4241,0
15323,15323,28,4520,0
15362,15362,28,4857,0
15369,15369,121,4920,0
15375,15375,121,4990,0
15407,15407,28,5317,0
15444,15444,22,5622,0
15450,15450,22,5688,0
15475,15475,76,5978,0
15478,15478,28,6003,0
15494,15494,76,6123,0
15496,15496,28,6156,0
15498,15498,76,6198,0
15500,15500,22,6208,0
15619,15619,22,7412,0
15627,15627,22,7453,0
15659,15659,76,7782,0
15667,15667,22,7878,0
15670,15670,22,7906,0
15671,15671,121,7920,0
15689,15689,22,8072,0
15695,15695,28,8139,0
15700,15700,22,8194,0
15702,15702,28,8204,0
15722,15722,76,8304,0
15727,15727,121,8356,0
15746,15746,22,8506,0
15795,15795,22,9118,0
15802,15802,76,9170,0
15864,15864,121,9806,0
15875,15875,28,9934,0
15882,15882,22,9986,0
15923,15923,22,254,0
15924,15924,76,275,0
15925,15925,76,279,0
15963,15963,76,673,0
16000,16000,121,1013,0
16048,16048,76,1431,0
16072,16072,22,1722,0
16079,16079,22,1778,0
16105,16105,121,1978,0
16111,16111,121,2049,0
16138,16138,121,2291,0
16150,16150,22,2378,0
16230,16230,121,3025,0
16243,16243,76,3181,0
16252,16252,121,3338,0
16254,16254,76,3363,0
16270,16270,121,3489,0
16280,16280,28,3565,0
16289,16289,22,3689,0
16311,16311,121,3818,0
16336,16336,121,4067,0
16355,16355,22,4212,0
16357,16357,22,4240,0
16371,16371,76,4390,0
16409,16409,28,4580,0
16429,16429,76,4879,0
16463,16463,76,5128,0
16477,16477,76,5283,0
16482,16482,121,5324,0
16512,16512,121,5573,0
16526,16526,121,5717,0
16546,16546,28,5951,0
16550,16550,76,5977,0
16562,16562,121,6081,0
16567,16567,22,6126,0
16589,16589,22,6320,0
16593,16593,76,6360,0
16599,16599,76,6436,0
16655,16655,28,7039,0
16657,16657,22,7058,0
16702,16702,121,7456,0
16704,16704,22,7473,0
16715,16715,121,7586,0
16718,16718,22,7617,0
16727,16727,22,7717,0
16737,16737,121,7873,0
16750,16750,121,8033,0
16752,16752,121,8056,0
16762,16762,28,8142,0
16805,16805,28,8586,0
16838,16838,22,8722,0
16879,16879,28,9385,0
16884,16884,22,9456,0
16891,16891,121,9533,0
16892,16892,22,9536,0
16925,16925,22,9880,0
16926,16926,28,9884,0
16949,16949,28,10099,0
17031,17031,28,670,0
17066,17066,121,1044,0
17074,17074,22,1110,0
17079,17079,28,1153,0
17104,17104,28,1140,0
17120,17120,28,1480,0
17129,17129,22,1539,0
17181,17181,28,1988,0
17190,17190,121,2084,0
17204,17204,121,2239,0
17221,17221,22,2410,0
17224,17224,28,2469,0
17249,17249,121,2814,0
17272,17272,76,2976,0
17289,17289,28,3151,0
17291,17291,76,3184,0
17328,17328,121,3488,0
17347,17347,76,3685,0
17373,17373,121,4003,0
17422,17422,22,4443,0
17429,17429,28,4522,0
17447,17447,22,4572,0
17478,17478,121,4835,0
17484,17484,76,4873,0
17503,17503,22,5052,0
17504,17504,121,5079,0
17526,17526,28,5321,0
17569,17569,28,5764,0
17592,17592,22,5957,0
17604,17604,121,6053,0
17654,17654,76,6449,0
17698,17698,28,6844,0
17731,17731,28,7185,0
17752,17752,121,7388,0
17777,17777,121,7704,0
17778,17778,76,7707,0
17842,17842,121,8393,0
17843,17843,28,8404,0
17917,17917,28,9215,0
17919,17919,22,9225,0
17947,17947,121,9572,0
17970,17970,28,9768,0
18017,18017,28,10165,0
18040,18040,76,265,0
18065,18065,121,557,0
18067,18067,121,578,0
18074,18074,121,644,0
18104,18104,121,802,0
18134,18134,76,1226,0
18143,18143,28,1276,0
18152,18152,76,1342,0
18166,18166,22,1409,0
18191,18191,22,1620,0
18213,18213,121,1756,0
18264,18264,22,2353,0
18275,18275,76,2467,0
18294,18294,28,2617,0
18295,18295,76,2499,0
18298,18298,76,2637,0
18304,18304,28,2686,0
18308,18308,22,2703,0
18320,18320,28,2750,0
18334,18334,22,2894,0
18339,18339,121,2946,0
18465,18465,76,4189,0
18579,18579,22,5071,0
18592,18592,121,5180,0
18595,18595,28,5205,0
18637,18637,28,5535,0
18651,18651,76,5731,0
18657,18657,22,5811,0
18658,18658,28,5834,0
18731,18731,22,6532,0
18734,18734,76,6554,0
18744,18744,22,6619,0
18767,18767,28,6861,0
18806,18806,121,7281,0
18879,18879,22,8048,0
18920,18920,22,8457,0
19038,19038,28,9771,0
19068,19068,28,10113,0
